<?xml version="1.0" encoding="UTF-8" ?>

<!-- https://www.playframework.com/documentation/latest/SettingsLogger -->

<!DOCTYPE configuration>

<configuration>
  <import class="ch.qos.logback.classic.encoder.PatternLayoutEncoder"/>
  <import class="ch.qos.logback.classic.AsyncAppender"/>
  <import class="ch.qos.logback.core.FileAppender"/>
  <import class="net.logstash.logback.encoder.LoggingEventCompositeJsonEncoder"/>
  <import class="ch.qos.logback.core.ConsoleAppender"/>

  <appender name="FILE" class="FileAppender">
    <file>${application.home:-.}/logs/application.log</file>
    <encoder class="PatternLayoutEncoder">
      <pattern>%date [%level] from %logger in %thread - %message%n%xException</pattern>
    </encoder>
  </appender>

  <appender name="JSON" class="FileAppender">
    <file>${application.home:-.}/logs/application.json</file>
    <encoder class="LoggingEventCompositeJsonEncoder">
      <providers>
        <timestamp/>
        <logLevel/>
        <loggerName/>
        <threadName/>
        <message/>
        <logstashMarkers/>
        <arguments/>
        <stackTrace/>
      </providers>
    </encoder>
  </appender>

  <appender name="METRICS" class="FileAppender">
    <file>${application.home:-.}/logs/metrics.log</file>
    <encoder class="PatternLayoutEncoder">
      <pattern>%date [%level] from %logger in %thread - %message%n%xException</pattern>
    </encoder>
  </appender>

  <appender name="STDOUT" class="ConsoleAppender">
    <encoder class="PatternLayoutEncoder">
      <pattern>%highlight(%-5level) %logger{15} - %message%n%xException{10}</pattern>
    </encoder>
  </appender>

  <appender name="ASYNCFILE" class="AsyncAppender">
    <appender-ref ref="FILE"/>
  </appender>

  <appender name="ASYNCJSON" class="AsyncAppender">
    <appender-ref ref="JSON"/>
  </appender>

  <appender name="ASYNCSTDOUT" class="AsyncAppender">
    <appender-ref ref="STDOUT"/>
  </appender>

  <logger name="play" level="INFO"/>
  <logger name="application" level="DEBUG"/>
  <logger name="v1.post" level="TRACE"/>

  <root level="WARN">
    <appender-ref ref="ASYNCFILE"/>
    <appender-ref ref="ASYNCJSON"/>
    <appender-ref ref="ASYNCSTDOUT"/>
  </root>

</configuration>
